uid,service,arrivals_horizon_ms,packets,n_decider_requests,decider_inference_wall_ms,n_profile_simulations,simulation_wall_ms_median
26092902-industrial_control-0000,industrial_control,1000.0,500,1,215.9291000571102,9,3.3875000663101673
26092902-industrial_control-0001,industrial_control,1000.0,600,1,196.62419985979795,9,3.5106998402625322
26092902-industrial_control-0002,industrial_control,1000.0,1500,1,186.05790007859468,9,7.171799894422293
26092902-industrial_control-0003,industrial_control,1000.0,100,1,191.97070016525686,9,1.4410000294446945
26092902-industrial_control-0004,industrial_control,1000.0,3000,1,186.1268999055028,9,13.483599992468953
26092902-industrial_control-0005,industrial_control,1000.0,500,1,183.1749000120908,9,3.0487000476568937
26092902-industrial_control-0006,industrial_control,1000.0,500,1,186.23029999434948,9,3.284099977463484
26092902-industrial_control-0007,industrial_control,1000.0,100,1,201.80479995906353,9,1.3838999439030886
26092902-industrial_control-0008,industrial_control,1000.0,750,1,182.7913001179695,9,4.110099980607629
26092902-industrial_control-0009,industrial_control,1000.0,2000,1,179.4783000368625,9,9.14460001513362
26092902-industrial_control-0010,industrial_control,1000.0,1000,1,186.76349986344576,9,5.227900110185146
26092902-industrial_control-0011,industrial_control,1000.0,1497,1,194.93019999936223,9,7.61430012062192
26092902-industrial_control-0012,industrial_control,1000.0,1000,1,229.53289980068803,9,5.334600107744336
26092902-industrial_control-0013,industrial_control,1000.0,200,1,192.74179986678064,9,1.8090999219566584
26092902-industrial_control-0014,industrial_control,1000.0,1000,1,175.74120010249317,9,5.45100006274879
26092902-industrial_control-0015,industrial_control,1000.0,1000,1,185.05589989945292,9,5.414099898189306
26092902-industrial_control-0016,industrial_control,1000.0,300,1,197.70619994960725,9,2.1934001706540585
26092902-industrial_control-0017,industrial_control,1000.0,100,1,181.62629986181855,9,1.3843998312950134
26092902-industrial_control-0018,industrial_control,1000.0,3000,1,228.64250000566244,9,13.604399980977178
26092902-industrial_control-0019,industrial_control,1000.0,100,1,191.59900001250207,9,1.3596999924629927
26092902-industrial_control-0020,industrial_control,1000.0,400,1,176.91300017759204,9,2.707800129428506
26092902-industrial_control-0021,industrial_control,1000.0,100,1,186.1386001110077,9,1.345600001513958
26092902-industrial_control-0022,industrial_control,1000.0,3000,1,182.36949993297458,9,13.178099878132343
26092902-industrial_control-0023,industrial_control,1000.0,200,1,193.41520010493696,9,1.7670001834630966
26092902-industrial_control-0024,industrial_control,1000.0,200,1,186.25640007667243,9,1.7609999049454927
26092902-industrial_control-0025,industrial_control,1000.0,250,1,182.42139997892082,9,2.0994001533836126
26092902-industrial_control-0026,industrial_control,1000.0,1000,1,189.36079996638,9,5.348100094124675
26092902-industrial_control-0027,industrial_control,1000.0,400,1,217.57330000400543,9,2.6932000182569027
26092902-industrial_control-0028,industrial_control,1000.0,250,1,213.8207999523729,9,2.0038001239299774
26092902-industrial_control-0029,industrial_control,1000.0,250,1,189.0048999339342,9,1.9880998879671097
26092902-xr-0000,xr,1000.0,810,1,189.7762999869883,9,4.24350006505847
26092902-xr-0001,xr,1000.0,720,1,189.26199991256,9,3.9869998581707478
26092902-xr-0002,xr,1000.0,900,1,185.94270013272762,9,4.827399970963597
26092902-xr-0003,xr,1000.0,810,1,183.2245998084545,9,4.374800017103553
26092902-xr-0004,xr,1000.0,480,1,185.5754000134766,9,2.8861998580396175
26092902-xr-0005,xr,1000.0,360,1,184.29320002906024,9,2.7620999608188868
26092902-xr-0006,xr,1000.0,630,1,176.4930000063032,9,3.5186000168323517
26092902-xr-0007,xr,1000.0,270,1,195.70860010571778,9,2.1202999632805586
26092902-xr-0008,xr,1000.0,360,1,183.85659996420145,9,2.412100089713931
26092902-xr-0009,xr,1000.0,540,1,176.06449988670647,9,3.1443999614566565
26092902-xr-0010,xr,1000.0,1440,1,175.37690000608563,9,6.7652000579983
26092902-xr-0011,xr,1000.0,420,1,176.64660001173615,9,2.9362000059336424
26092902-xr-0012,xr,1000.0,480,1,183.6345000192523,9,3.138700034469366
26092902-xr-0013,xr,1000.0,720,1,201.86159992590547,9,4.234599880874157
26092902-xr-0014,xr,1000.0,180,1,174.64790004305542,9,1.7043999396264553
26092902-xr-0015,xr,1000.0,720,1,182.54949990659952,9,3.946100128814578
26092902-xr-0016,xr,1000.0,720,1,177.33059986494482,9,4.124999977648258
26092902-xr-0017,xr,1000.0,720,1,183.02250001579523,9,4.144300008192658
26092902-xr-0018,xr,1000.0,600,1,184.61739993654191,9,3.8725000340491533
26092902-xr-0019,xr,1000.0,180,1,184.59339998662472,9,1.6880000475794077
26092902-xr-0020,xr,1000.0,1200,1,195.2269000466913,9,5.981799913570285
26092902-xr-0021,xr,1000.0,1320,1,191.3073998875916,9,6.424000021070242
26092902-xr-0022,xr,1000.0,420,1,178.10040013864636,9,2.665300155058503
26092902-xr-0023,xr,1000.0,990,1,178.44739998690784,9,5.257299868389964
26092902-xr-0024,xr,1000.0,540,1,185.71919994428754,9,3.235599957406521
26092902-xr-0025,xr,1000.0,840,1,176.21619999408722,9,4.595400067046285
26092902-xr-0026,xr,1000.0,990,1,179.40320004709065,9,5.272699985653162
26092902-xr-0027,xr,1000.0,360,1,181.67890002951026,9,2.549199853092432
26092902-xr-0028,xr,1000.0,600,1,173.70599997229874,9,3.4888999070972204
26092902-xr-0029,xr,1000.0,480,1,188.01450007595122,9,2.9331000987440348
26092902-gaming-0000,gaming,1000.0,400,1,187.6660999841988,9,2.5806999765336514
26092902-gaming-0001,gaming,1000.0,30,1,172.89270018227398,9,1.1021001264452934
26092902-gaming-0002,gaming,1000.0,180,1,197.3336001392454,9,1.6803001053631306
26092902-gaming-0003,gaming,1000.0,150,1,208.13690009526908,9,1.5430999919772148
26092902-gaming-0004,gaming,1000.0,100,1,190.54709980264306,9,1.6132998280227184
26092902-gaming-0005,gaming,1000.0,360,1,188.3978999685496,9,2.3876000195741653
26092902-gaming-0006,gaming,1000.0,60,1,181.77179992198944,9,1.1818001512438059
26092902-gaming-0007,gaming,1000.0,30,1,198.63700005225837,9,1.192399999126792
26092902-gaming-0008,gaming,1000.0,160,1,192.62979994527996,9,1.5986999496817589
26092902-gaming-0009,gaming,1000.0,160,1,197.23820011131465,9,1.590099884197116
26092902-gaming-0010,gaming,1000.0,150,1,218.34559994749725,9,1.546700019389391
26092902-gaming-0011,gaming,1000.0,124,1,200.25100000202656,9,1.4999001286923885
26092902-gaming-0012,gaming,1000.0,400,1,203.61050008796155,9,2.5625000707805157
26092902-gaming-0013,gaming,1000.0,180,1,180.9878998901695,9,2.0288999658077955
26092902-gaming-0014,gaming,1000.0,234,1,183.6800999008119,9,1.918399939313531
26092902-gaming-0015,gaming,1000.0,160,1,183.91290004365146,9,1.6071000136435032
26092902-gaming-0016,gaming,1000.0,120,1,195.91800007037818,9,1.6327002085745335
26092902-gaming-0017,gaming,1000.0,40,1,200.81449998542666,9,1.1956000234931707
26092902-gaming-0018,gaming,1000.0,180,1,202.00509997084737,9,1.6652001067996025
26092902-gaming-0019,gaming,1000.0,180,1,191.57310016453266,9,1.769999973475933
26092902-gaming-0020,gaming,1000.0,120,1,182.26260016672313,9,1.6107000410556793
26092902-gaming-0021,gaming,1000.0,204,1,182.6774999499321,9,1.773900119587779
26092902-gaming-0022,gaming,1000.0,300,1,181.0639000032097,9,2.2432999685406685
26092902-gaming-0023,gaming,1000.0,150,1,192.22060008905828,9,1.7816999461501837
26092902-gaming-0024,gaming,1000.0,200,1,198.0380997993052,9,1.795200165361166
26092902-gaming-0025,gaming,1000.0,90,1,202.61409995146096,9,1.4033999759703875
26092902-gaming-0026,gaming,1000.0,180,1,189.108100021258,9,1.8341999966651201
26092902-gaming-0027,gaming,1000.0,30,1,189.4853999838233,9,1.0746000334620476
26092902-gaming-0028,gaming,1000.0,40,1,181.12839991226792,9,1.1075998190790415
26092902-gaming-0029,gaming,1000.0,300,1,218.61659991554916,9,2.207400044426322
